edad,hombres_con_vida_denuncia,hombres_sin_vida_denuncia,hombres_con_vida_reporte,hombres_sin_vida_reporte
00-04,87,2,31,1
05-09,83,1,38,0
10-14,416,7,79,0
15-19,915,124,147,30
20-24,996,288,135,28
25-29,865,301,138,31
30-34,745,269,109,22
35-39,615,234,82,26
40-44,501,171,77,21
45-49,354,135,55,18
50-54,235,77,42,8
55-59,167,49,38,11
60-64,131,37,25,3
65-69,89,21,20,5
70-74,73,16,24,1
75-79,51,19,18,1
80-84,47,10,25,1
85-89,23,3,15,1
90-94,7,4,5,0
95-99,1,0,1,0
NO DISPONIBLE,12,1,5,4
